{
    "identityPoolName": "magusa74e493a_identitypool_a74e493a",
    "allowUnauthenticatedIdentities": false,
    "resourceNameTruncated": "magusa74e493a",
    "userPoolName": "magusa74e493a_userpool_a74e493a",
    "autoVerifiedAttributes": [
        "email"
    ],
    "aliasAttributes": ["email", "preferred_username"],    
    "mfaConfiguration": "OPTIONAL",
    "mfaTypes": [
        "SMS Text Message",
        "TOTP"
    ],
    "smsAuthenticationMessage": "Your authentication code is {####}",
    "smsVerificationMessage": "Your verification code is {####}",
    "emailVerificationSubject": "Your verification code",
    "emailVerificationMessage": "Your verification code is {####}",
    "defaultPasswordPolicy": false,
    "passwordPolicyMinLength": 8,
    "passwordPolicyCharacters": [],
    "requiredAttributes": [
        "email",
        "locale",
        "name"
    ],
    "userpoolClientGenerateSecret": true,
    "userpoolClientRefreshTokenValidity": 30,
    "userpoolClientWriteAttributes": [
        "family_name",
        "middle_name",
        "gender",
        "given_name",
        "nickname",
        "preferred_username",
        "picture",
        "profile",
        "email",
        "locale",
        "name"
    ],
    "userpoolClientReadAttributes": [
        "family_name",
        "middle_name",
        "gender",
        "given_name",
        "nickname",
        "preferred_username",
        "picture",
        "profile",
        "email",
        "locale",
        "name"
    ],
    "userpoolClientLambdaRole": "magusaa74e493a_userpoolclient_lambda_role",
    "userpoolClientSetAttributes": true,
    "sharedId": "a74e493a",
    "resourceName": "magusa74e493a",
    "authSelections": "identityPoolAndUserPool",
    "authRoleArn": {
        "Fn::GetAtt": [
            "AuthRole",
            "Arn"
        ]
    },
    "unauthRoleArn": {
        "Fn::GetAtt": [
            "UnauthRole",
            "Arn"
        ]
    },
    "useDefault": "manual",
    "triggers": "{}",
    "userPoolGroupList": [
        "Admin"
    ],
    "serviceName": "Cognito",
    "parentStack": {
        "Ref": "AWS::StackId"
    },
    "permissions": [],
    "dependsOn": [],
    "thirdPartyAuth": false,
    "userPoolGroups": true,
    "adminQueries": false,
    "hostedUI": false
}