{
  "providers": {
    "awscloudformation": {
      "AuthRoleName": "amplify-magus-dev-183351-authRole",
      "UnauthRoleArn": "arn:aws:iam::539245837614:role/amplify-magus-dev-183351-unauthRole",
      "AuthRoleArn": "arn:aws:iam::539245837614:role/amplify-magus-dev-183351-authRole",
      "Region": "eu-west-2",
      "DeploymentBucketName": "amplify-magus-dev-183351-deployment",
      "UnauthRoleName": "amplify-magus-dev-183351-unauthRole",
      "StackName": "amplify-magus-dev-183351",
      "StackId": "arn:aws:cloudformation:eu-west-2:539245837614:stack/amplify-magus-dev-183351/6c8b8920-12fa-11eb-a143-065bc1dc5e74",
      "AmplifyAppId": "d1zgwnl97a4d3u"
    }
  },
  "auth": {
    "magusa74e493a": {
      "service": "Cognito",
      "providerPlugin": "awscloudformation",
      "dependsOn": [],
      "customAuth": false,
      "output": {
        "CreatedSNSRole": "arn:aws:iam::539245837614:role/snsa74e493a183351-dev",
        "AppClientSecret": "1och1i56kqe7q4j77qpdhjuedu9pr576b1j3pf24p89hkbaipb7p",
        "UserPoolId": "eu-west-2_y7Topgitj",
        "AppClientIDWeb": "7r9t1hn5pn380vah8oselj9vd9",
        "AppClientID": "68ccq96u7ts7tdaf60e3a3sovo",
        "IdentityPoolId": "eu-west-2:c0db672f-fba9-411a-bc44-ae50326538ae",
        "IdentityPoolName": "magusa74e493a_identitypool_a74e493a__dev",
        "UserPoolName": "magusa74e493a_userpool_a74e493a"
      },
      "lastPushTimeStamp": "2020-10-28T19:08:27.830Z",
      "providerMetadata": {
        "s3TemplateURL": "https://s3.amazonaws.com/amplify-magus-dev-183351-deployment/amplify-cfn-templates/auth/magusa74e493a-cloudformation-template.yml",
        "logicalId": "authmagusa74e493a"
      }
    },
    "userPoolGroups": {
      "service": "Cognito-UserPool-Groups",
      "providerPlugin": "awscloudformation",
      "dependsOn": [
        {
          "category": "auth",
          "resourceName": "magusa74e493a",
          "attributes": [
            "UserPoolId",
            "AppClientIDWeb",
            "AppClientID",
            "IdentityPoolId"
          ]
        }
      ],
      "output": {
        "AdminGroupRole": "arn:aws:iam::539245837614:role/eu-west-2_y7Topgitj-AdminGroupRole"
      },
      "lastPushTimeStamp": "2020-10-28T19:08:27.835Z",
      "providerMetadata": {
        "s3TemplateURL": "https://s3.amazonaws.com/amplify-magus-dev-183351-deployment/amplify-cfn-templates/auth/template.json",
        "logicalId": "authuserPoolGroups"
      }
    }
  },
  "api": {
    "magus": {
      "service": "AppSync",
      "providerPlugin": "awscloudformation",
      "output": {
        "authConfig": {
          "defaultAuthentication": {
            "authenticationType": "AMAZON_COGNITO_USER_POOLS",
            "userPoolConfig": {
              "userPoolId": "authmagusa74e493a"
            }
          },
          "additionalAuthenticationProviders": []
        },
        "GraphQLAPIIdOutput": "ixbnn4hhhbfbzlkujc2iqzhjtu",
        "GraphQLAPIEndpointOutput": "https://prsjskuegjfixkaxfkv42yc234.appsync-api.eu-west-2.amazonaws.com/graphql"
      },
      "lastPushTimeStamp": "2020-10-28T19:08:30.626Z",
      "providerMetadata": {
        "s3TemplateURL": "https://s3.amazonaws.com/amplify-magus-dev-183351-deployment/amplify-cfn-templates/api/cloudformation-template.json",
        "logicalId": "apimagus"
      },
      "lastPushDirHash": "yOsnZGmTrS5Ty4+biLiPF/llsj8="
    }
  }
}